,5%,50%,95%,Name,SUBSITE
1,0.04280206,0.198030096,0.354033918,Andromeda polifolia,ATQASUK:AG
2,-0.574478674,-0.240800158,-0.005080888,Andromeda polifolia,LORI:LORI1
3,-0.062038484,-0.004880521,0.053383894,Andromeda polifolia,TOOLIK:IMNAVAIT
4,-0.135593766,-0.023390602,0.086700298,Andromeda polifolia,TOOLIK:MOIST
5,0.054910669,0.095655709,0.142077757,Andromeda polifolia,TOOLIK:TUSSOCKGRID
6,-0.948306562,-0.56700737,-0.249881197,Arctostaphylos uva-ursi,DOVRE:KUNTSHOE
7,-0.318368245,-0.085692831,0.132536524,Arctous alpina,ANWR:ATIGUN-A
8,0.237861032,0.670402194,1.260969636,Arctous alpina,ANWR:JAGO-A
9,-0.203685099,0.009893429,0.222956298,Arctous alpina,ANWR:JAGO-B
10,-0.054233225,0.07921165,0.223518317,Arctous alpina,DOVRE:KUNTSHOE
11,-0.056333632,0.229232171,0.598236799,Arctous alpina,FURI:FURI4
12,-0.608690056,-0.257993517,0.015369504,Arctous alpina,FURI:FURI5
13,-0.223931728,-0.050826149,0.110479399,Arctous alpina,FURI:FURI6
14,-0.535547496,-0.18614304,0.033535172,Arctous alpina,LORI:LORI1
15,-0.564242586,-0.179100511,0.1021743,Arctous alpina,LORI:LORI4
16,0.013460311,0.165455247,0.353447708,Arctous alpina,TOOLIK:DRY
17,-0.106442683,0.138547707,0.490981651,Arctous alpina,TOOLIK:IMNAVAIT
18,0.008269123,0.057439497,0.118559257,Arctous alpina,TOOLIK:TUSSOCKGRID
19,-0.187458683,0.027658015,0.235150386,Arctous alpina,TORNGATS:NAKVAKDRY
20,-0.272073018,-0.001522121,0.219560039,Arctous rubra,ATQASUK:RATE_DRYAS_HEATH
21,-0.02903882,0.08590928,0.202491787,Arctous rubra,BROOKS:SHEEN-B
22,-0.325889046,-0.131557794,0.040677472,Arctous rubra,TOOLIK:TUSSOCKGRID
23,-0.204001106,-0.040273949,0.126719341,Betula glandulosa,TOOLIK:TUSSOCKGRID
24,-0.491517109,-0.214814237,0.012627045,Betula glandulosa,TORNGATS:NAKVAKDRY
25,-0.265803915,-0.074815349,0.093506964,Betula glandulosa,TORNGATS:NAKVAKWET
26,-0.00269352,0.047018565,0.097550549,Betula nana,AKUREYRI:GA66
27,0.122109247,0.247461858,0.380043594,Betula nana,AKUREYRI:MD72
28,-0.103641244,-0.035919769,0.032044412,Betula nana,ANWR:JAGO-A
29,-0.118794434,0.022802967,0.1665181,Betula nana,ANWR:JAGO-B
30,0.085372095,0.16340819,0.242946901,Betula nana,ATQASUK:AG
31,-0.041482452,0.048845187,0.138751957,Betula nana,ATQASUK:AW
32,-0.149198903,-0.067210336,0.016470518,Betula nana,ATQASUK:RATE_BETULA_SHRUB
33,-0.203093443,-0.015085692,0.172824389,Betula nana,ATQASUK:RATE_HIEROCHLOE_DRY_MEADOW
34,-0.027264727,0.0282675,0.0833493,Betula nana,AUDKULUHEIDI:BETULAHEATH
35,-0.310087943,-0.114332953,0.075108142,Betula nana,DALSMYNNI:KK5
36,-0.092708081,0.191330655,0.524549003,Betula nana,DOVRE:KUNTSHOE
37,0.008678235,0.076631939,0.143199228,Betula nana,FURI:FURI4
38,0.052080856,0.123070309,0.193326849,Betula nana,FURI:FURI5
39,0.058739309,0.088073433,0.117583021,Betula nana,FURI:FURI6
40,0.038812401,0.09122781,0.143019381,Betula nana,HJARDARLAND:LH92
41,0.074566429,0.182718816,0.308828151,Betula nana,HOLTAVORDUHEIDI:VH49
42,0.063462733,0.176960041,0.287978449,Betula nana,KYTALYK:LAKEBED
43,0.015070413,0.101433505,0.18829717,Betula nana,LATNJA:DRY_HEATH
44,-0.846509466,-0.29236833,0.025291776,Betula nana,LATNJA:DRY_MEADOW
45,0.011907543,0.08400589,0.163284676,Betula nana,LATNJA:TUSSOCK_TUNDRA
46,-0.848493022,-0.468430838,-0.160512028,Betula nana,LOGH:LOGH2
47,-0.565303302,-0.259010089,-0.059600494,Betula nana,LOGH:LOGH5
48,-0.078239606,-0.044459879,-0.01178884,Betula nana,LORI:LORI1
49,-0.036226258,-0.011766578,0.013011292,Betula nana,LORI:LORI3
50,0.013132517,0.038842707,0.064386639,Betula nana,LORI:LORI4
51,0.001869499,0.061686605,0.122945454,Betula nana,MODRUVELLIR:LH69
52,0.036480779,0.233842857,0.470478777,Betula nana,MODRUVELLIR:ML54
53,-0.219407343,-0.000321157,0.200981303,Betula nana,MODRUVELLIR:MV51
54,0.029608552,0.103138269,0.176738725,Betula nana,MODRUVELLIR:MV52
55,0.036150512,0.098428721,0.162541779,Betula nana,RIRI:RIRI2
56,0.035482365,0.109102012,0.197055439,Betula nana,RIRI:RIRI4
57,0.030808107,0.143578748,0.309053527,Betula nana,RIRI:RIRI6
58,0.013530463,0.029586888,0.047353608,Betula nana,TOOLIK:IMNAVAIT
59,-0.044107079,0.020684745,0.086160485,Betula nana,TOOLIK:MOIST
60,0.045142249,0.059918696,0.074797541,Betula nana,TOOLIK:TUSSOCKGRID
61,-0.017981252,0.094194361,0.207413047,Calluna vulgaris,AKUREYRI:GA66
62,0.01794144,0.131933076,0.251799894,Calluna vulgaris,AKUREYRI:MD72
63,0.018203882,0.050056361,0.082314685,Calluna vulgaris,FURI:FURI4
64,0.036408465,0.064098985,0.091374586,Calluna vulgaris,FURI:FURI5
65,-0.00330176,0.060925996,0.125485778,Calluna vulgaris,FURI:FURI6
66,-0.047599444,0.225611547,0.569690435,Calluna vulgaris,LOGH:LOGH4
67,-0.039746192,0.210358281,0.587960744,Calluna vulgaris,LOGH:LOGH5
68,0.002263447,0.024351688,0.047164327,Calluna vulgaris,LORI:LORI1
69,0.050909694,0.073865909,0.097829288,Calluna vulgaris,LORI:LORI3
70,0.054665266,0.079226073,0.103311137,Calluna vulgaris,LORI:LORI4
71,-0.41619397,-0.073534171,0.186475852,Calluna vulgaris,MODRUVELLIR:LH69
72,0.082916194,0.25456418,0.469207801,Calluna vulgaris,MODRUVELLIR:MV52
73,-0.092786033,0.134922033,0.387954556,Calluna vulgaris,OXNADALSHEIDI:SA16
74,-0.064674065,-0.027668338,0.010371209,Cassiope tetragona,ALEXFIORD:CASSIOPE
75,-0.364450482,-0.020871151,0.325952112,Cassiope tetragona,ALEXFIORD:DOMEGRANITE
76,-0.130351769,-0.061218856,0.000687397,Cassiope tetragona,ALEXFIORD:DRYAS
77,-0.139075877,-0.073178498,-0.007195707,Cassiope tetragona,ALEXFIORD:FERT
78,-1.730049401,-0.655199687,-0.007347313,Cassiope tetragona,ALEXFIORD:MEADOW
79,-0.132616942,-0.046309673,0.037982875,Cassiope tetragona,ANWR:JAGO-A
80,-0.130393089,-0.042449152,0.042275337,Cassiope tetragona,ANWR:JAGO-B
81,-0.089918075,-0.061330812,-0.032401538,Cassiope tetragona,ATQASUK:AD
82,-0.012055217,0.064475902,0.142095613,Cassiope tetragona,ATQASUK:AG
83,-0.039985853,0.053263408,0.15014467,Cassiope tetragona,ATQASUK:RATE_BETULA_SHRUB
84,-0.119005653,0.000589387,0.120407823,Cassiope tetragona,ATQASUK:RATE_DRYAS_HEATH
85,-0.062278539,0.005629465,0.072960273,Cassiope tetragona,ATQASUK:RATE_HIEROCHLOE_DRY_MEADOW
86,0.010251321,0.029967696,0.049539295,Cassiope tetragona,BARROW:BD
87,-0.257383442,-0.058944007,0.131524341,Cassiope tetragona,BARROW:DRY_HEATH_ORDINATION
88,-0.093890974,-0.000417989,0.084519303,Cassiope tetragona,BROOKS:SHEEN-B
89,-0.027959908,0.097754993,0.218347611,Cassiope tetragona,BYLOT:MESPRAIRIE
90,-0.070260749,0.054375153,0.174305222,Cassiope tetragona,ENDALEN:CAS-H
91,-0.234748386,-0.106704526,0.022062474,Cassiope tetragona,ENDALEN:CAS-L
92,-0.038718529,0.02436879,0.087718986,Cassiope tetragona,LATNJA:DRY_HEATH
93,-0.284872879,-0.104686273,0.046276261,Cassiope tetragona,LATNJA:TUSSOCK_TUNDRA
94,-0.382508121,-0.076460991,0.200575019,Cassiope tetragona,QHI:HE
95,0.056602334,0.08925669,0.128449686,Cassiope tetragona,TOOLIK:IMNAVAIT
96,0.001409703,0.027150426,0.054386266,Cassiope tetragona,TOOLIK:TUSSOCKGRID
97,-0.188829353,-0.044509346,0.087714358,Cassiope tetragona,TORNGATS:NAKVAKDRY
98,-0.301104396,-0.050176956,0.18455291,Dasiphora fruticosa,BROOKS:SHEEN-B
99,-0.100098481,-0.058457681,-0.018938443,Diapensia lapponica,ATQASUK:AD
100,-0.031872279,0.0734547,0.189879604,Diapensia lapponica,ATQASUK:RATE_HIEROCHLOE_DRY_MEADOW
101,-0.041922388,0.050853989,0.151749393,Diapensia lapponica,TOOLIK:IMNAVAIT
102,-0.074994549,0.093864876,0.293433911,Diapensia lapponica,TOOLIK:TUSSOCKGRID
103,-0.215101747,-0.014191729,0.155351712,Diapensia lapponica,TORNGATS:NAKVAKDRY
104,0.003783473,0.042960562,0.081794987,Dryas integrifolia,ALEXFIORD:CASSIOPE
105,-0.169311578,-0.007105508,0.158038304,Dryas integrifolia,ALEXFIORD:DOMEDOLOMITE
106,-0.014410061,0.015802715,0.04642684,Dryas integrifolia,ALEXFIORD:DRYAS
107,-0.06969915,-0.020321621,0.027866212,Dryas integrifolia,ALEXFIORD:FERT
108,-0.131927799,-0.072144556,-0.016217019,Dryas integrifolia,ALEXFIORD:LEVDOLOMITE
109,-0.071407089,-0.018552758,0.036828714,Dryas integrifolia,ALEXFIORD:MEADOW
110,0.01974373,0.057049091,0.096026603,Dryas integrifolia,ALEXFIORD:WILLOW
111,-0.254008867,0.047926383,0.38808079,Dryas integrifolia,ANWR:JAGO-A
112,-0.138766235,-0.04516003,0.047734801,Dryas integrifolia,ANWR:JAGO-B
113,-0.138757903,0.142199691,0.457931119,Dryas integrifolia,ATQASUK:RATE_CAREX_ WET_MEADOW
114,-0.078376335,0.057345651,0.191783159,Dryas integrifolia,ATQASUK:RATE_DRYAS_HEATH
115,-0.752596597,-0.292953186,0.028404412,Dryas integrifolia,ATQASUK:RATE_HIEROCHLOE_DRY_MEADOW
116,-0.039480991,0.015849443,0.071119189,Dryas integrifolia,BROOKS:SHEEN-B
117,-0.594264763,-0.061971276,0.309363298,Dryas integrifolia,BYLOT:MESPOLYGON
118,-0.124917092,0.403657948,0.980979411,Dryas integrifolia,BYLOT:MESPRAIRIE
119,-0.089107032,-0.035624684,0.017586874,Dryas integrifolia,QHI:HE
120,-0.004240634,0.029526662,0.063765687,Dryas integrifolia,QHI:KO
121,-0.05762665,-0.014019053,0.029047331,Dryas integrifolia,SVERDRUP:SVERDRUP
122,-0.014046222,0.040715344,0.100304214,Dryas integrifolia,TOOLIK:TUSSOCKGRID
123,-0.132189099,0.058497638,0.235612321,Dryas integrifolia,TORNGATS:NAKVAKDRY
124,0.026257326,0.110286397,0.198045588,Dryas octopetala,AKUREYRI:HR58
125,0.028409271,0.080712687,0.13485516,Dryas octopetala,AKUREYRI:SB63
126,-0.089645943,-0.030699723,0.028761054,Dryas octopetala,ANWR:ATIGUN-A
127,-0.286308475,-0.143676845,-0.011140633,Dryas octopetala,ANWR:ATIGUN-B
128,-0.082990233,-0.027889829,0.028003012,Dryas octopetala,ANWR:ATIGUN-C
129,-0.095811108,0.117595394,0.37421024,Dryas octopetala,AUDKULUHEIDI:BETULAHEATH
130,-0.044308586,-0.008711685,0.026728839,Dryas octopetala,BLONDUOS:SD34
131,-6.882757071,-4.570616704,-2.402119083,Dryas octopetala,ENDALEN:BIS-H
132,-18.77597817,-12.63058943,-1.762099031,Dryas octopetala,ENDALEN:BIS-L
133,-1.778567135,-0.777277282,-0.158912338,Dryas octopetala,ENDALEN:CAS-H
134,-5.359120233,-3.326463411,-0.466830875,Dryas octopetala,ENDALEN:CAS-L
135,-0.034344448,0.091934329,0.215569297,Dryas octopetala,ENDALEN:DRY-H
136,-0.053832006,0.07216811,0.194167923,Dryas octopetala,ENDALEN:DRY-L
137,0.026577621,0.087627727,0.147384421,Dryas octopetala,KLUANE:PIKA
138,-0.129895824,0.004553578,0.136951903,Dryas octopetala,LATNJA:DRY_HEATH
139,-0.048023252,-0.004533125,0.037817105,Dryas octopetala,LATNJA:DRY_MEADOW
140,0.030552495,0.077211855,0.12379845,Dryas octopetala,MODRUVELLIR:MV52
141,-0.08252109,0.021973767,0.122912419,Dryas octopetala,OXNADALSHEIDI:SA19
142,-0.084147788,-0.00939662,0.064779098,Dryas octopetala,TOOLIK:DRY
143,-0.003088144,0.053673304,0.110439735,Empetrum nigrum,AKUREYRI:GA66
144,0.015289445,0.061122199,0.106290481,Empetrum nigrum,AKUREYRI:HR58
145,0.043456472,0.101987366,0.162986745,Empetrum nigrum,AKUREYRI:MD72
146,0.033353627,0.072296117,0.111657181,Empetrum nigrum,AKUREYRI:SB63
147,-0.273152626,-0.050393073,0.147454987,Empetrum nigrum,ATQASUK:AG
148,-0.097887414,0.101607722,0.309438708,Empetrum nigrum,ATQASUK:RATE_DRYAS_HEATH
149,-0.202836313,0.218161624,0.701330441,Empetrum nigrum,ATQASUK:RATE_HIEROCHLOE_DRY_MEADOW
150,-0.116210384,-0.031793793,0.047453794,Empetrum nigrum,AUDKULUHEIDI:BETULAHEATH
151,-0.036738793,-0.000488954,0.035432444,Empetrum nigrum,BLONDUOS:SD34
152,0.307912415,0.501695205,0.732076737,Empetrum nigrum,DALSMYNNI:KD25
153,-0.074220981,0.013385475,0.09864824,Empetrum nigrum,DALSMYNNI:KK5
154,-0.026436298,0.058499899,0.144729986,Empetrum nigrum,DOVRE:KUNTSHOE
155,-0.029667145,-0.005311792,0.018511784,Empetrum nigrum,FURI:FURI4
156,-0.019540755,0.004588457,0.028760946,Empetrum nigrum,FURI:FURI5
157,-0.017301202,0.006701483,0.030437973,Empetrum nigrum,FURI:FURI6
158,-0.080453828,-0.021943197,0.034939207,Empetrum nigrum,HJARDARLAND:LH92
159,0.013809905,0.090959969,0.17356609,Empetrum nigrum,HOLTAVORDUHEIDI:AH36
160,-0.120969225,0.001368278,0.12571615,Empetrum nigrum,HOLTAVORDUHEIDI:AH37
161,0.090688433,0.160456292,0.236914322,Empetrum nigrum,HOLTAVORDUHEIDI:AH38
162,0.020837424,0.054893787,0.089385351,Empetrum nigrum,HOLTAVORDUHEIDI:VH49
163,0.116894779,0.337062559,0.653409409,Empetrum nigrum,LATNJA:DRY_HEATH
164,0.004611425,0.078000351,0.160841407,Empetrum nigrum,LATNJA:DRY_MEADOW
165,-0.029620538,-0.005245382,0.019437987,Empetrum nigrum,LOGH:LOGH2
166,-0.004946188,0.023431174,0.051183409,Empetrum nigrum,LOGH:LOGH4
167,-0.068911914,-0.044428724,-0.019353271,Empetrum nigrum,LOGH:LOGH5
168,0.019849451,0.04259563,0.065644556,Empetrum nigrum,LORI:LORI1
169,0.085769297,0.108569986,0.13213671,Empetrum nigrum,LORI:LORI3
170,0.004452138,0.026499776,0.049280904,Empetrum nigrum,LORI:LORI4
171,-0.037752018,-0.002105123,0.033046562,Empetrum nigrum,MODRUVELLIR:LH69
172,-0.007964928,0.03446647,0.075533156,Empetrum nigrum,MODRUVELLIR:MV52
173,0.097130037,0.159331242,0.226498716,Empetrum nigrum,OXNADALSHEIDI:SA16
174,-0.164051404,-0.003986161,0.144789702,Empetrum nigrum,OXNADALSHEIDI:SA17
175,-0.014215068,0.026778997,0.067792283,Empetrum nigrum,OXNADALSHEIDI:SA19
176,0.023158048,0.062367288,0.102270388,Empetrum nigrum,RIRI:RIRI2
177,0.042101003,0.074918685,0.108820516,Empetrum nigrum,RIRI:RIRI4
178,0.103813643,0.138088639,0.173789773,Empetrum nigrum,RIRI:RIRI6
179,-0.009945694,0.026872337,0.063567656,Empetrum nigrum,TOOLIK:IMNAVAIT
180,-0.053700369,0.089664702,0.243389584,Empetrum nigrum,TOOLIK:MOIST
181,0.013712837,0.046063307,0.080620307,Empetrum nigrum,TOOLIK:TUSSOCKGRID
182,-0.100225956,0.127976795,0.385781238,Harrimanella hypnoides,HOLTAVORDUHEIDI:AH37
183,-1.069778996,-0.674084322,-0.340866629,Harrimanella hypnoides,LOGH:LOGH5
184,-0.349557097,-0.162515362,-0.020641857,Harrimanella hypnoides,OXNADALSHEIDI:SA16
185,-0.127509192,-0.077162176,-0.029884236,Harrimanella hypnoides,RIRI:RIRI2
186,-0.0920228,-0.051052083,-0.010987904,Harrimanella hypnoides,RIRI:RIRI4
187,0.033924911,0.079522482,0.12760119,Harrimanella hypnoides,RIRI:RIRI6
188,-0.127825987,-0.007843879,0.101028861,Harrimanella hypnoides,TORNGATS:NAKVAKDRY
189,-0.283737106,-0.081074903,0.105569682,Harrimanella hypnoides,TORNGATS:NAKVAKWET
190,-0.075540185,-0.011308903,0.054051161,Ledum palustre,ANWR:JAGO-A
191,-0.015081555,0.009230803,0.033567187,Ledum palustre,ATQASUK:AD
192,0.154443101,0.220981209,0.288545045,Ledum palustre,ATQASUK:AG
193,-0.012250361,0.087144733,0.190740646,Ledum palustre,ATQASUK:RATE_BETULA_SHRUB
194,-0.069648152,0.023457027,0.116803716,Ledum palustre,ATQASUK:RATE_HIEROCHLOE_DRY_MEADOW
195,-0.453512927,-0.180798612,0.061480216,Ledum palustre,KYTALYK:LAKEBED
196,-0.005239831,0.014547955,0.035758445,Ledum palustre,TOOLIK:IMNAVAIT
197,-0.162122407,-0.08851186,-0.017383145,Ledum palustre,TOOLIK:MOIST
198,-0.000765582,0.013045493,0.027181279,Ledum palustre,TOOLIK:TUSSOCKGRID
199,-0.049244944,0.072059669,0.187646907,Ledum palustre,TORNGATS:NAKVAKDRY
200,-0.351626291,0.030711386,0.349001542,Ledum palustre,TORNGATS:NAKVAKWET
201,-0.022448406,0.078128667,0.171980516,Loiseleuria procumbens,DOVRE:KUNTSHOE
202,0.086762459,0.286150124,0.579036696,Loiseleuria procumbens,LORI:LORI1
203,-0.527769787,-0.193051589,0.031832098,Loiseleuria procumbens,LORI:LORI3
204,-0.38022325,-0.181316499,-0.036667774,Loiseleuria procumbens,LORI:LORI4
205,0.00171175,0.099211157,0.201307126,Loiseleuria procumbens,RIRI:RIRI4
206,-0.00023417,0.093064053,0.187101137,Loiseleuria procumbens,TOOLIK:DRY
207,0.071733296,0.214833263,0.361376115,Loiseleuria procumbens,TOOLIK:TUSSOCKGRID
208,-0.163435353,-0.074394326,0.00343841,Phyllodoce caerulea,FURI:FURI4
209,-0.007817336,0.071458066,0.150471214,Phyllodoce caerulea,FURI:FURI5
210,-0.087196103,-0.03523175,0.015130748,Phyllodoce caerulea,FURI:FURI6
211,-0.011639294,0.035321058,0.083890784,Phyllodoce caerulea,LATNJA:TUSSOCK_TUNDRA
212,-0.063702861,-0.026927574,0.01009547,Phyllodoce caerulea,LOGH:LOGH2
213,0.03396381,0.08756515,0.143437344,Phyllodoce caerulea,LOGH:LOGH4
214,-0.022328168,0.005763274,0.033880042,Phyllodoce caerulea,LOGH:LOGH5
215,0.010686356,0.044960689,0.077936589,Phyllodoce caerulea,LORI:LORI1
216,-0.028525069,0.015366961,0.058717185,Phyllodoce caerulea,LORI:LORI3
217,-0.262601896,-0.10236226,0.027269131,Phyllodoce caerulea,LORI:LORI4
218,-0.259109568,-0.101924339,0.030533416,Phyllodoce caerulea,RIRI:RIRI2
219,-0.054600854,0.023153566,0.10266896,Phyllodoce caerulea,RIRI:RIRI4
220,-0.048416653,0.023516697,0.095850233,Phyllodoce caerulea,RIRI:RIRI6
221,-0.159091622,0.057678745,0.244456217,Phyllodoce caerulea,TORNGATS:NAKVAKDRY
222,-0.740563608,-0.267527407,0.155860871,Rhododendron lapponicum,ANWR:ATIGUN-B
223,-0.05739618,0.035563152,0.127555278,Rhododendron lapponicum,BROOKS:SHEEN-B
224,-0.091331379,0.110965927,0.3508096,Rhododendron lapponicum,LATNJA:DRY_HEATH
225,-0.03932908,0.037001313,0.117504618,Rhododendron lapponicum,LATNJA:DRY_MEADOW
226,-0.115884443,0.024758446,0.178187494,Rhododendron lapponicum,TOOLIK:TUSSOCKGRID
227,-0.033025009,0.058829394,0.150877191,Rubus chamaemorus,ATQASUK:AG
228,-0.098782825,0.017564423,0.138846372,Rubus chamaemorus,ATQASUK:RATE_BETULA_SHRUB
229,-0.222631255,-0.00993066,0.199144575,Rubus chamaemorus,ATQASUK:RATE_HIEROCHLOE_DRY_MEADOW
230,-0.388297288,-0.155327254,0.031039752,Rubus chamaemorus,LATNJA:TUSSOCK_TUNDRA
231,0.126640453,0.614331555,1.494481412,Rubus chamaemorus,LATNJA:WET_SEDGE
232,-0.498295387,-0.161159938,0.102941604,Rubus chamaemorus,RIRI:RIRI2
233,-0.646143083,-0.249551009,0.003756984,Rubus chamaemorus,RIRI:RIRI4
234,-0.529284575,-0.173936911,0.085086844,Rubus chamaemorus,RIRI:RIRI6
235,0.009046532,0.030241643,0.052392066,Rubus chamaemorus,TOOLIK:IMNAVAIT
236,-0.070624256,0.15136583,0.388372137,Rubus chamaemorus,TOOLIK:MOIST
237,0.061036847,0.10319678,0.146363655,Rubus chamaemorus,TOOLIK:TUSSOCKGRID
238,-0.084882066,-0.029243025,0.02202736,Salix arctica,ALEXFIORD:CASSIOPE
239,0.040968057,0.120697271,0.209438917,Salix arctica,ALEXFIORD:DOMEDOLOMITE
240,-0.011445131,0.056558942,0.124854143,Salix arctica,ALEXFIORD:DOMEGRANITE
241,-0.004109324,0.028585915,0.061346893,Salix arctica,ALEXFIORD:DRYAS
242,-0.056329031,-0.001993776,0.053174072,Salix arctica,ALEXFIORD:FERT
243,0.017368595,0.043469276,0.069220783,Salix arctica,ALEXFIORD:LEVDOLOMITE
244,-0.068233224,0.011638411,0.089548263,Salix arctica,ALEXFIORD:MEADOW
245,0.056630993,0.08495335,0.114404616,Salix arctica,ALEXFIORD:WILLOW
246,-0.029998425,0.072601003,0.185249611,Salix arctica,ANWR:ATIGUN-C
247,-0.355802486,-0.134476115,0.087405487,Salix arctica,ATQASUK:RATE_BETULA_SHRUB
248,-0.183692236,-0.000648274,0.185712206,Salix arctica,ATQASUK:RATE_CAREX_ WET_MEADOW
249,-0.010472496,0.273724327,0.596951076,Salix arctica,ATQASUK:RATE_DRYAS_HEATH
250,-0.749779813,-0.234989389,0.184824197,Salix arctica,AUDKULUHEIDI:BETULAHEATH
251,-0.008672397,0.053019506,0.115597413,Salix arctica,BYLOT:MESPOLYGON
252,0.026775804,0.088269643,0.149023136,Salix arctica,BYLOT:MESPRAIRIE
253,-0.117941922,0.045877992,0.228550567,Salix arctica,NIWOT:MOIST MEADOW_SADDLE
254,0.08138112,0.726575648,1.984801144,Salix arctica,NIWOT:ORDINATION_DRYMEADOW
255,-0.244615329,-0.083844389,0.081782879,Salix arctica,NIWOT:ORDINATION_MOISTMEADOW
256,-0.146892453,-0.019697152,0.117821024,Salix arctica,NIWOT:ORDINATION_WETMEADOW
257,-0.101850948,0.005236874,0.115937388,Salix arctica,NIWOT:WET MEADOW_SADDLE
258,-0.418527326,-0.243234664,-0.093686763,Salix arctica,QHI:HE
259,-0.008128389,0.026277215,0.061818448,Salix arctica,QHI:KO
260,-0.064063609,-0.028570306,0.005404828,Salix arctica,SVERDRUP:SVERDRUP
261,-0.23248446,0.003334319,0.258784012,Salix arctica,TOOLIK:IMNAVAIT
262,-0.363361804,-0.117617656,0.112984694,Salix arctica,TOOLIK:TUSSOCKGRID
263,0.040456281,0.163318639,0.297964517,Salix glauca,AKUREYRI:SB63
264,-0.067007561,0.044464391,0.154419493,Salix glauca,ANWR:ATIGUN-C
265,-0.144993136,-0.041255099,0.063873843,Salix glauca,ANWR:JAGO-B
266,-1.89357831,-0.875047167,-0.214886089,Salix glauca,ATQASUK:RATE_DRYAS_HEATH
267,-2.162229362,-1.087964439,-0.347527723,Salix glauca,ATQASUK:RATE_HIEROCHLOE_DRY_MEADOW
268,-0.767234891,-0.295299506,0.032675885,Salix glauca,BLONDUOS:SD33
269,-0.096524589,0.133490204,0.381452873,Salix glauca,BLONDUOS:SD34
270,-0.08048754,0.004409076,0.087271698,Salix glauca,BROOKS:SHEEN-B
271,-0.359335213,-0.055422584,0.21385932,Salix glauca,HJARDARLAND:HA75
272,0.087119302,0.137781911,0.192435417,Salix glauca,HOLTAVORDUHEIDI:AH36
273,-0.445703971,-0.155546719,0.064468329,Salix glauca,HOLTAVORDUHEIDI:AH37
274,-0.206360482,-0.099470227,-0.002440947,Salix glauca,HOLTAVORDUHEIDI:AH38
275,-0.21551919,-0.064741544,0.069914194,Salix glauca,HOLTAVORDUHEIDI:VH49
276,-1.392698502,-0.658057835,-0.041503707,Salix glauca,KYTALYK:LAKEBED
277,-0.482280759,-0.164891,0.073475695,Salix glauca,MODRUVELLIR:MV51
278,-0.013605281,0.332726315,0.739595814,Salix glauca,NIWOT:DRY MEADOW_SADDLE
279,-0.251462852,-0.025055717,0.204271461,Salix glauca,NIWOT:MOIST MEADOW_SADDLE
280,-0.097956401,0.071132485,0.243181973,Salix glauca,NIWOT:ORDINATION_MOISTMEADOW
281,-0.41624695,-0.151364778,0.103395283,Salix glauca,NIWOT:ORDINATION_MOISTSHRUB
282,-0.03943129,0.247066803,0.605066202,Salix glauca,NIWOT:WET MEADOW_SADDLE
283,-0.089732898,-0.044522212,0.000552629,Salix glauca,OXNADALSHEIDI:SA16
284,0.003309068,0.083792008,0.169074685,Salix glauca,OXNADALSHEIDI:SA17
285,-0.093673314,-0.019579421,0.052205609,Salix glauca,OXNADALSHEIDI:SA19
286,0.161468519,0.349152835,0.672036329,Salix glauca,RIRI:RIRI6
287,-1.346366934,-0.823452866,-0.420142416,Salix glauca,THYKKVIBAER:VE82
288,-0.000966914,0.094814402,0.19384776,Salix glauca,TOOLIK:TUSSOCKGRID
289,-0.144552981,0.034642695,0.224074268,Salix hastata,LATNJA:WET_SEDGE
290,-0.406782825,-0.073718601,0.188806419,Salix herbacea,AKUREYRI:GA66
291,-0.807285676,-0.337956996,0.023198453,Salix herbacea,AKUREYRI:SB63
292,-0.268083297,-0.077345139,0.094697792,Salix herbacea,AUDKULUHEIDI:BETULAHEATH
293,-0.307753161,-0.176296312,-0.066367102,Salix herbacea,BLONDUOS:SD34
294,-1.825955656,-1.038786191,-0.369526324,Salix herbacea,BYLOT:MESPRAIRIE
295,0.153259463,0.281032027,0.408539217,Salix herbacea,GAVIA:POL
296,0.024466736,0.112739736,0.203241493,Salix herbacea,GAVIA:SAL
297,-0.270763007,-0.043209689,0.160743571,Salix herbacea,HJARDARLAND:HF73
298,-0.01233891,0.044237769,0.102697205,Salix herbacea,HOLTAVORDUHEIDI:AH36
299,-0.052582909,-0.009969543,0.033085902,Salix herbacea,HOLTAVORDUHEIDI:AH37
300,-0.089367207,-0.045266441,-0.001651491,Salix herbacea,HOLTAVORDUHEIDI:AH38
301,-0.014343775,0.021482323,0.059344865,Salix herbacea,HOLTAVORDUHEIDI:VH49
302,-0.042212085,0.038862338,0.116972498,Salix herbacea,HOLTAVORDUHEIDI:VH50
303,0.007563312,0.099100592,0.196059314,Salix herbacea,LATNJA:DRY_HEATH
304,-0.132889766,-0.069830605,-0.007448963,Salix herbacea,LATNJA:TUSSOCK_TUNDRA
305,-0.411121701,-0.072493763,0.181296739,Salix herbacea,MODRUVELLIR:MV51
306,-0.004378681,0.02999662,0.06616105,Salix herbacea,OXNADALSHEIDI:SA16
307,-0.015512465,0.018354128,0.050114258,Salix herbacea,OXNADALSHEIDI:SA17
308,-0.069150413,-0.023819574,0.020898009,Salix herbacea,OXNADALSHEIDI:SA19
309,0.042933135,0.069687482,0.096678907,Salix herbacea,RIRI:RIRI2
310,0.01145195,0.037090209,0.063345328,Salix herbacea,RIRI:RIRI4
311,-0.018079674,0.00954873,0.03714914,Salix herbacea,RIRI:RIRI6
312,0.007935689,0.061338488,0.113677547,Salix herbacea,THYKKVIBAER:RT81
313,-0.032484823,0.055875171,0.136711002,Salix herbacea,TORNGATS:NAKVAKDRY
314,-0.059063089,0.010262446,0.083168735,Salix herbacea,TORNGATS:NAKVAKWET
315,-0.033330192,0.008422811,0.050831232,Salix herbacea,VALBERCLA:ALPINE
316,-0.114929012,0.038754669,0.195625072,Salix lanata,ATQASUK:RATE_DRYAS_HEATH
317,0.034967559,0.232072118,0.481450519,Salix lanata,DALSMYNNI:KD25
318,0.091417705,0.512241683,1.222465439,Salix lanata,LATNJA:WET_SEDGE
319,-0.131450997,-0.034350901,0.064055301,Salix lanata,THYKKVIBAER:VE82
320,-0.074137837,0.021528672,0.116456679,Salix lanata,TOOLIK:TUSSOCKGRID
321,-0.138732432,0.023298694,0.188082056,Salix niphoclada,ATQASUK:RATE_DRYAS_HEATH
322,-0.11896918,-0.024515944,0.070582899,Salix phlebophylla,ANWR:ATIGUN-A
323,-0.275837126,-0.140402493,-0.0116517,Salix phlebophylla,ANWR:ATIGUN-B
324,-0.210840761,0.034404562,0.308264806,Salix phlebophylla,ANWR:JAGO-A
325,-0.136855683,-0.039415415,0.063266667,Salix phlebophylla,ANWR:JAGO-B
326,-0.158030199,-0.049146076,0.044166258,Salix phlebophylla,ATQASUK:AD
327,-0.148678718,0.099461374,0.377425748,Salix phlebophylla,ATQASUK:AW
328,-0.072037662,0.027584217,0.123802021,Salix phlebophylla,ATQASUK:RATE_HIEROCHLOE_DRY_MEADOW
329,-0.009818825,0.045936822,0.106594324,Salix phlebophylla,QHI:HE
330,-0.174454899,0.001587668,0.189652108,Salix phlebophylla,TOOLIK:DRY
331,-0.080982469,-0.013837095,0.063431039,Salix phlebophylla,TOOLIK:IMNAVAIT
332,0.014859878,0.091538118,0.184823118,Salix phlebophylla,TOOLIK:TUSSOCKGRID
333,-0.167168345,-0.037371548,0.088541592,Salix phylicifolia,AKUREYRI:GA66
334,-0.026490629,0.119601662,0.281922329,Salix phylicifolia,HJARDARLAND:LH92
335,-0.090209153,0.138954502,0.403164164,Salix phylicifolia,HOLTAVORDUHEIDI:AH37
336,0.073639896,0.241721467,0.459647553,Salix phylicifolia,HOLTAVORDUHEIDI:AH38
337,0.171553185,0.344423904,0.571399482,Salix phylicifolia,HOLTAVORDUHEIDI:VH49
338,0.082329822,0.244015593,0.427524508,Salix phylicifolia,HOLTAVORDUHEIDI:VH50
339,0.302883916,0.454959117,0.644705582,Salix phylicifolia,THYKKVIBAER:VE82
340,0.066377645,0.18089228,0.294401531,Salix polaris,ATQASUK:AG
341,0.020237674,0.074746108,0.128971017,Salix polaris,ATQASUK:AW
342,-0.192672992,0.269616644,0.851537019,Salix polaris,BARROW:DRY_HEATH_ORDINATION
343,-3.18004839,-2.019393983,-0.545920988,Salix polaris,ENDALEN:BIS-H
344,-3.283327237,-1.456193946,-0.141006626,Salix polaris,ENDALEN:BIS-L
345,-7.203165513,-3.671940522,-1.565984769,Salix polaris,ENDALEN:CAS-H
346,-0.09085445,0.048481215,0.182757575,Salix polaris,ENDALEN:CAS-L
347,-0.07472612,0.083269085,0.231406455,Salix polaris,ENDALEN:DRY-H
348,-0.007431368,0.126958821,0.257498789,Salix polaris,ENDALEN:DRY-L
349,-0.320625396,-0.164848617,-0.042950255,Salix polaris,LATNJA:DRY_MEADOW
350,-0.065676502,0.027174485,0.124509554,Salix polaris,LATNJA:WET_SEDGE
351,-0.000973866,0.093744297,0.190361037,Salix pulchra,ATQASUK:AG
352,-0.043932388,-0.011010083,0.022870165,Salix pulchra,ATQASUK:AW
353,-0.04789776,0.03751227,0.120720903,Salix pulchra,ATQASUK:RATE_BETULA_SHRUB
354,0.035643321,0.263984679,0.530837969,Salix pulchra,ATQASUK:RATE_CAREX_ WET_MEADOW
355,-0.138135363,-0.011733639,0.115202373,Salix pulchra,ATQASUK:RATE_DRYAS_HEATH
356,-0.727637048,-0.259987391,0.049842746,Salix pulchra,ATQASUK:RATE_ERIOPHORUM_WET_MEADOW
357,0.05977875,0.232122095,0.432507748,Salix pulchra,ATQASUK:RATE_HIEROCHLOE_DRY_MEADOW
358,-0.129837952,0.036738469,0.202401421,Salix pulchra,BARROW:BG
359,-1.198966546,-0.469730978,0.002125529,Salix pulchra,BARROW:CAREX_MESIC MEADOW_ORDINATION
360,-0.098730858,0.012807352,0.125102815,Salix pulchra,BARROW:CAREX_MOIST MEADOW_ORDINATION
361,-0.145393503,0.07155746,0.300943263,Salix pulchra,BARROW:DRY_HEATH_ORDINATION
362,0.016836163,0.051650791,0.087134101,Salix pulchra,QHI:HE
363,0.00178252,0.023300669,0.046368949,Salix pulchra,TOOLIK:IMNAVAIT
364,-0.045616415,0.024399832,0.095032352,Salix pulchra,TOOLIK:MOIST
365,0.059510335,0.084667994,0.110531643,Salix pulchra,TOOLIK:TUSSOCKGRID
366,-0.052059278,0.046769272,0.1502431,Salix reticulata,ANWR:ATIGUN-C
367,-0.14209001,0.091606869,0.344214717,Salix reticulata,ANWR:JAGO-A
368,-0.088002829,0.004512824,0.103159956,Salix reticulata,ANWR:JAGO-B
369,-0.080559497,0.036377551,0.15579857,Salix reticulata,ATQASUK:RATE_DRYAS_HEATH
370,-0.096806704,-0.016714316,0.06684426,Salix reticulata,BROOKS:SHEEN-B
371,-0.197659813,-0.035306289,0.082115539,Salix reticulata,BYLOT:MESPOLYGON
372,0.168863956,0.493071765,0.862429334,Salix reticulata,BYLOT:MESPRAIRIE
373,-0.015604656,0.050277072,0.117170224,Salix reticulata,KLUANE:PIKA
374,-0.111205999,0.063448838,0.24617829,Salix reticulata,LATNJA:DRY_HEATH
375,-0.053392805,0.006895822,0.066222023,Salix reticulata,LATNJA:DRY_MEADOW
376,-0.092864076,0.142251064,0.420882822,Salix reticulata,LATNJA:TUSSOCK_TUNDRA
377,-0.03089364,0.398394926,1.053580412,Salix reticulata,NIWOT:WET MEADOW_SADDLE
378,0.004374959,0.049790084,0.098802212,Salix reticulata,QHI:HE
379,-0.155720698,-0.042177216,0.067762381,Salix reticulata,QHI:KO
380,-0.065758935,-0.008959791,0.052601422,Salix reticulata,TOOLIK:IMNAVAIT
381,-0.066177817,-0.018259074,0.030380977,Salix reticulata,TOOLIK:TUSSOCKGRID
382,-0.053550198,-0.022581625,0.010084067,Salix reticulata,VALBERCLA:ALPINE
383,-0.128776159,0.230589333,0.703694195,Salix rotundifolia,ANWR:JAGO-B
384,-0.310548257,-0.099718557,0.105708381,Salix rotundifolia,ATQASUK:RATE_HIEROCHLOE_DRY_MEADOW
385,-0.016588413,0.002777417,0.022376733,Salix rotundifolia,BARROW:BD
386,0.086913354,0.176291611,0.265721328,Salix rotundifolia,BARROW:BG
387,-0.219199708,-0.080278689,0.040694736,Salix rotundifolia,BARROW:BW
388,-0.05719534,0.118829952,0.324613905,Salix rotundifolia,BARROW:CAREX_MESIC MEADOW_ORDINATION
389,-0.035148958,0.107445181,0.273709595,Salix rotundifolia,BARROW:CAREX_MOIST MEADOW_ORDINATION
390,-0.101207999,-0.044437225,0.013810918,Salix rotundifolia,BARROW:CAREX_MOIST_MEADOW_MICROTOPO
391,-0.168024642,-0.058623536,0.052188573,Salix rotundifolia,BARROW:DRY_HEATH_ORDINATION
392,-0.302374487,-0.140316842,-0.009401379,Sibbaldia procumbens,HOLTAVORDUHEIDI:AH38
393,-0.100177089,0.138028266,0.387367973,Sibbaldia procumbens,MODRUVELLIR:MV51
394,-0.157751015,-0.072234982,0.01266645,Sibbaldia procumbens,NIWOT:BARREN_SADDLE
395,0.021131562,0.108829714,0.200758106,Sibbaldia procumbens,NIWOT:MOIST MEADOW_SADDLE
396,-0.112252762,0.023756524,0.173010389,Sibbaldia procumbens,NIWOT:ORDINATION_MOISTMEADOW
397,0.273162876,1.185104816,2.05806808,Sibbaldia procumbens,NIWOT:ORDINATION_MOISTSHRUB
398,-0.124313559,-0.034660465,0.057128258,Sibbaldia procumbens,NIWOT:ORDINATION_SNOWBANK
399,-0.168250549,0.067541099,0.355313626,Sibbaldia procumbens,NIWOT:ORDINATION_WETMEADOW
400,-0.151207534,-0.079943249,-0.007391436,Sibbaldia procumbens,NIWOT:SNOW BANK_SADDLE
401,-0.09213376,0.130076288,0.385319921,Sibbaldia procumbens,OXNADALSHEIDI:SA16
402,-0.684125945,-0.305915049,-0.039658954,Sibbaldia procumbens,OXNADALSHEIDI:SA17
403,-0.197433859,0.002914945,0.204730866,Sibbaldia procumbens,RIRI:RIRI2
404,-0.107726889,0.156007811,0.5069259,Sibbaldia procumbens,RIRI:RIRI4
405,-0.007807484,0.044607871,0.098621529,Sibbaldia procumbens,RIRI:RIRI6
406,-0.041164099,0.006628729,0.054018736,Thymus praecox,AKUREYRI:GA66
407,-0.07881849,-0.016411607,0.044491109,Thymus praecox,AKUREYRI:HR58
408,-0.110808609,0.120991201,0.359575031,Thymus praecox,AKUREYRI:MD72
409,-0.015274794,0.025245051,0.06417274,Thymus praecox,AKUREYRI:SB63
410,0.078665684,0.119682014,0.16276794,Thymus praecox,AKUREYRI:SY59
411,-0.093022305,0.140613259,0.411119233,Thymus praecox,BLONDUOS:SD33
412,0.000586138,0.051816647,0.104538897,Thymus praecox,BLONDUOS:SD34
413,-0.041588983,0.755557807,2.031333632,Thymus praecox,DALSMYNNI:KK5
414,-0.429186499,-0.085371922,0.175240458,Thymus praecox,HJARDARLAND:HF73
415,-0.136935939,-0.036752086,0.056669158,Thymus praecox,MODRUVELLIR:LH69
416,-0.071280276,-0.027374822,0.016218429,Thymus praecox,MODRUVELLIR:MV52
417,-0.059509466,-0.003549392,0.050232279,Thymus praecox,OXNADALSHEIDI:SA19
418,-0.226413692,-0.163358182,-0.106353992,Thymus praecox,THYKKVIBAER:RT81
419,-0.055970719,-0.0195553,0.016872627,Vaccinium myrtillus,FURI:FURI4
420,-0.038394473,6.24E-05,0.038336448,Vaccinium myrtillus,FURI:FURI5
421,-0.055701289,-0.021720507,0.012124716,Vaccinium myrtillus,FURI:FURI6
422,-0.136853772,-0.096026605,-0.05917347,Vaccinium myrtillus,LOGH:LOGH2
423,-0.117599457,-0.061184034,-0.010141219,Vaccinium myrtillus,LOGH:LOGH4
424,0.068282173,0.100952659,0.133479547,Vaccinium myrtillus,LOGH:LOGH5
425,-0.035894809,-0.004103312,0.025937498,Vaccinium myrtillus,LORI:LORI1
426,-0.048674898,0.008722361,0.065092575,Vaccinium myrtillus,LORI:LORI3
427,0.047634541,0.086055748,0.125485903,Vaccinium myrtillus,LORI:LORI4
428,0.178716419,0.348553796,0.632508903,Vaccinium myrtillus,RIRI:RIRI2
429,-0.044426139,-0.000415061,0.042445568,Vaccinium myrtillus,RIRI:RIRI4
430,0.042202215,0.070930855,0.100041907,Vaccinium myrtillus,RIRI:RIRI6
431,0.011833431,0.057778681,0.103063418,Vaccinium uliginosum,AKUREYRI:GA66
432,-0.062661797,0.083501907,0.239243133,Vaccinium uliginosum,AKUREYRI:MD72
433,0.001147699,0.116254143,0.242628301,Vaccinium uliginosum,AKUREYRI:SB63
434,-0.022314979,0.116249819,0.266316243,Vaccinium uliginosum,ALEXFIORD:DRYAS
435,-0.054060362,-0.008257813,0.038489891,Vaccinium uliginosum,ALEXFIORD:FERT
436,0.024390394,0.262345304,0.51936995,Vaccinium uliginosum,ANWR:JAGO-B
437,-0.730830887,-0.199575046,0.196911915,Vaccinium uliginosum,ATQASUK:RATE_BETULA_SHRUB
438,-1.431755213,-0.48929931,0.098241523,Vaccinium uliginosum,ATQASUK:RATE_DRYAS_HEATH
439,-0.164928947,0.008034093,0.186756166,Vaccinium uliginosum,AUDKULUHEIDI:BETULAHEATH
440,-0.010764853,0.042641214,0.096788853,Vaccinium uliginosum,BLONDUOS:SD34
441,-0.087888259,-0.010568376,0.064132899,Vaccinium uliginosum,BROOKS:SHEEN-B
442,-0.195939258,-0.048425526,0.099588847,Vaccinium uliginosum,DALSMYNNI:KK5
443,-0.081328373,0.072964508,0.233167671,Vaccinium uliginosum,DOVRE:KUNTSHOE
444,-0.037139817,0.008253748,0.053767356,Vaccinium uliginosum,HJARDARLAND:LH92
445,0.036301695,0.084681665,0.133576499,Vaccinium uliginosum,HOLTAVORDUHEIDI:AH36
446,-0.002533425,0.036643771,0.076576762,Vaccinium uliginosum,HOLTAVORDUHEIDI:VH49
447,-0.042306124,0.040837146,0.127864034,Vaccinium uliginosum,LATNJA:DRY_MEADOW
448,0.087382473,0.551915045,1.293914047,Vaccinium uliginosum,LATNJA:WET_SEDGE
449,-0.539022519,-0.223969527,0.013667274,Vaccinium uliginosum,LORI:LORI3
450,-0.127157321,0.012651677,0.142627124,Vaccinium uliginosum,LORI:LORI4
451,0.032576625,0.077276075,0.123171336,Vaccinium uliginosum,MODRUVELLIR:LH69
452,-0.019457778,0.046874764,0.117758212,Vaccinium uliginosum,MODRUVELLIR:ML54
453,-0.087489702,-0.014234782,0.05378448,Vaccinium uliginosum,MODRUVELLIR:MV51
454,0.015233431,0.059030579,0.104054835,Vaccinium uliginosum,MODRUVELLIR:MV52
455,-0.76451228,-0.290425756,0.013465994,Vaccinium uliginosum,OXNADALSHEIDI:SA16
456,-0.090935273,0.133963874,0.368330272,Vaccinium uliginosum,OXNADALSHEIDI:SA17
457,-0.09453743,0.133809693,0.393961563,Vaccinium uliginosum,OXNADALSHEIDI:SA19
458,0.003583265,0.035735538,0.070423528,Vaccinium uliginosum,TOOLIK:IMNAVAIT
459,-0.075275617,0.043902745,0.16375888,Vaccinium uliginosum,TOOLIK:MOIST
460,0.028877194,0.053611142,0.07963855,Vaccinium uliginosum,TOOLIK:TUSSOCKGRID
461,-0.03534531,0.085092269,0.203900284,Vaccinium uliginosum,TORNGATS:NAKVAKDRY
462,-0.043133268,0.10292754,0.239410344,Vaccinium uliginosum,TORNGATS:NAKVAKWET
463,-0.044524301,0.130831622,0.330391362,Vaccinium vitis-idaea,ANWR:ATIGUN-A
464,-0.110580115,-0.047071293,0.017384521,Vaccinium vitis-idaea,ANWR:JAGO-A
465,0.023380515,0.134688359,0.268636459,Vaccinium vitis-idaea,ANWR:JAGO-B
466,-0.016252338,0.008776809,0.033675852,Vaccinium vitis-idaea,ATQASUK:AD
467,0.163774042,0.227249221,0.290671723,Vaccinium vitis-idaea,ATQASUK:AG
468,0.021488637,0.100096035,0.178148657,Vaccinium vitis-idaea,ATQASUK:RATE_BETULA_SHRUB
469,-0.382770881,-0.011000674,0.337009759,Vaccinium vitis-idaea,ATQASUK:RATE_DRYAS_HEATH
470,-0.210679317,-0.085440995,0.019321412,Vaccinium vitis-idaea,ATQASUK:RATE_HIEROCHLOE_DRY_MEADOW
471,-0.087963505,0.021641989,0.130680733,Vaccinium vitis-idaea,BARROW:BD
472,-0.059149079,0.132455291,0.339018088,Vaccinium vitis-idaea,DOVRE:KUNTSHOE
473,0.045857432,0.077170837,0.108654697,Vaccinium vitis-idaea,FURI:FURI4
474,-0.032335606,-0.001902451,0.027844611,Vaccinium vitis-idaea,FURI:FURI5
475,-0.06258716,-0.030593042,0.000537555,Vaccinium vitis-idaea,FURI:FURI6
476,0.025166674,0.158787236,0.295666437,Vaccinium vitis-idaea,KYTALYK:LAKEBED
477,0.064216828,0.172370072,0.303864089,Vaccinium vitis-idaea,LATNJA:DRY_HEATH
478,-0.098866834,-0.018921455,0.059326392,Vaccinium vitis-idaea,LATNJA:DRY_MEADOW
479,0.063001929,0.124679673,0.188960924,Vaccinium vitis-idaea,LATNJA:TUSSOCK_TUNDRA
480,-0.015097077,0.017282348,0.048373933,Vaccinium vitis-idaea,LOGH:LOGH2
481,-0.073905404,-0.045510689,-0.017980195,Vaccinium vitis-idaea,LOGH:LOGH4
482,-0.043109827,-0.007177661,0.027503968,Vaccinium vitis-idaea,LOGH:LOGH5
483,0.032314924,0.061557561,0.090272616,Vaccinium vitis-idaea,LORI:LORI1
484,-0.029155437,-0.000615369,0.027275904,Vaccinium vitis-idaea,LORI:LORI3
485,0.030038597,0.057088617,0.084505453,Vaccinium vitis-idaea,LORI:LORI4
486,-0.014708895,0.026398799,0.068542246,Vaccinium vitis-idaea,RIRI:RIRI2
487,0.023708846,0.073838628,0.124807917,Vaccinium vitis-idaea,RIRI:RIRI4
488,0.047835591,0.086094515,0.126065656,Vaccinium vitis-idaea,RIRI:RIRI6
489,-0.062451631,0.016195387,0.09336805,Vaccinium vitis-idaea,TOOLIK:DRY
490,-0.007631478,0.007662719,0.023431429,Vaccinium vitis-idaea,TOOLIK:IMNAVAIT
491,-0.123256534,-0.056409602,0.010066659,Vaccinium vitis-idaea,TOOLIK:MOIST
492,0.00571446,0.018121212,0.030404319,Vaccinium vitis-idaea,TOOLIK:TUSSOCKGRID
493,-0.052969496,0.050841212,0.153248113,Vaccinium vitis-idaea,TORNGATS:NAKVAKDRY
